miaoBC0001,miao_I7_index_001,CATACGAGATCGCTCAGTTCGTGACTGGAGTTCAGACGTGTG,miao_I5_index_001,CATACGAGATTCGTGGAGCGACACTCTTTCCCTACACGACG
miaoBC0002,miao_I7_index_002,CATACGAGATTATCTGACCTGTGACTGGAGTTCAGACGTGTG,miao_I5_index_002,CATACGAGATCTACAAGATAACACTCTTTCCCTACACGACG
miaoBC0003,miao_I7_index_003,CATACGAGATATATGAGACGGTGACTGGAGTTCAGACGTGTG,miao_I5_index_003,CATACGAGATTATAGTAGCTACACTCTTTCCCTACACGACG
miaoBC0004,miao_I7_index_004,CATACGAGATCTTATGGAATGTGACTGGAGTTCAGACGTGTG,miao_I5_index_004,CATACGAGATTGCCTGGTGGACACTCTTTCCCTACACGACG
miaoBC0005,miao_I7_index_005,CATACGAGATTAATCTCGTCGTGACTGGAGTTCAGACGTGTG,miao_I5_index_005,CATACGAGATACATTATCCTACACTCTTTCCCTACACGACG
miaoBC0006,miao_I7_index_006,CATACGAGATGCGCGATGTTGTGACTGGAGTTCAGACGTGTG,miao_I5_index_006,CATACGAGATGTCCACTTGTACACTCTTTCCCTACACGACG
miaoBC0007,miao_I7_index_007,CATACGAGATAGAGCACTAGGTGACTGGAGTTCAGACGTGTG,miao_I5_index_007,CATACGAGATTGGAACAGTAACACTCTTTCCCTACACGACG
miaoBC0008,miao_I7_index_008,CATACGAGATTGCCTTGATCGTGACTGGAGTTCAGACGTGTG,miao_I5_index_008,CATACGAGATCCTTGTTAATACACTCTTTCCCTACACGACG
miaoBC0009,miao_I7_index_009,CATACGAGATCTACTCAGTCGTGACTGGAGTTCAGACGTGTG,miao_I5_index_009,CATACGAGATGTTGATAGTGACACTCTTTCCCTACACGACG
miaoBC0010,miao_I7_index_010,CATACGAGATTCGTCTGACTGTGACTGGAGTTCAGACGTGTG,miao_I5_index_010,CATACGAGATACCAGCGACAACACTCTTTCCCTACACGACG
miaoBC0011,miao_I7_index_011,CATACGAGATGAACATACGGGTGACTGGAGTTCAGACGTGTG,miao_I5_index_011,CATACGAGATCATACACTGTACACTCTTTCCCTACACGACG
miaoBC0012,miao_I7_index_012,CATACGAGATCCTATGACTCGTGACTGGAGTTCAGACGTGTG,miao_I5_index_012,CATACGAGATGTGTGGCGCTACACTCTTTCCCTACACGACG
miaoBC0013,miao_I7_index_013,CATACGAGATTAATGGCAAGGTGACTGGAGTTCAGACGTGTG,miao_I5_index_013,CATACGAGATATCACGAAGGACACTCTTTCCCTACACGACG
miaoBC0014,miao_I7_index_014,CATACGAGATGTGCCGCTTCGTGACTGGAGTTCAGACGTGTG,miao_I5_index_014,CATACGAGATCGGCTCTACTACACTCTTTCCCTACACGACG
miaoBC0015,miao_I7_index_015,CATACGAGATCGGCAATGGAGTGACTGGAGTTCAGACGTGTG,miao_I5_index_015,CATACGAGATGAATGCACGAACACTCTTTCCCTACACGACG
miaoBC0016,miao_I7_index_016,CATACGAGATGCCGTAACCGGTGACTGGAGTTCAGACGTGTG,miao_I5_index_016,CATACGAGATAAGACTATAGACACTCTTTCCCTACACGACG
miaoBC0017,miao_I7_index_017,CATACGAGATAACCATTCTCGTGACTGGAGTTCAGACGTGTG,miao_I5_index_017,CATACGAGATTCGGCAGCAAACACTCTTTCCCTACACGACG
miaoBC0018,miao_I7_index_018,CATACGAGATGGTTGCCTCTGTGACTGGAGTTCAGACGTGTG,miao_I5_index_018,CATACGAGATCTAATGATGGACACTCTTTCCCTACACGACG
miaoBC0019,miao_I7_index_019,CATACGAGATCTAATGATGGGTGACTGGAGTTCAGACGTGTG,miao_I5_index_019,CATACGAGATGGTTGCCTCTACACTCTTTCCCTACACGACG
miaoBC0020,miao_I7_index_020,CATACGAGATTCGGCCTATCGTGACTGGAGTTCAGACGTGTG,miao_I5_index_020,CATACGAGATCGCACATGGCACACTCTTTCCCTACACGACG
miaoBC0021,miao_I7_index_021,CATACGAGATAGTCAACCATGTGACTGGAGTTCAGACGTGTG,miao_I5_index_021,CATACGAGATGGCCTGTCCTACACTCTTTCCCTACACGACG
miaoBC0022,miao_I7_index_022,CATACGAGATGAGCGCAATAGTGACTGGAGTTCAGACGTGTG,miao_I5_index_022,CATACGAGATCTGTGTTAGGACACTCTTTCCCTACACGACG
miaoBC0023,miao_I7_index_023,CATACGAGATAACAAGGCGTGTGACTGGAGTTCAGACGTGTG,miao_I5_index_023,CATACGAGATTAAGGAACGTACACTCTTTCCCTACACGACG
miaoBC0024,miao_I7_index_024,CATACGAGATGTATGTAGAAGTGACTGGAGTTCAGACGTGTG,miao_I5_index_024,CATACGAGATCTAACTGTAAACACTCTTTCCCTACACGACG
miaoBC0025,miao_I7_index_025,CATACGAGATTTCTATGGTTGTGACTGGAGTTCAGACGTGTG,miao_I5_index_025,CATACGAGATGGCGAGATGGACACTCTTTCCCTACACGACG
miaoBC0026,miao_I7_index_026,CATACGAGATCCTCGCAACCGTGACTGGAGTTCAGACGTGTG,miao_I5_index_026,CATACGAGATAATAGAGCAAACACTCTTTCCCTACACGACG
miaoBC0027,miao_I7_index_027,CATACGAGATTGGATGCTTAGTGACTGGAGTTCAGACGTGTG,miao_I5_index_027,CATACGAGATTCAATCCATTACACTCTTTCCCTACACGACG
miaoBC0028,miao_I7_index_028,CATACGAGATATGTCGTGGTGTGACTGGAGTTCAGACGTGTG,miao_I5_index_028,CATACGAGATTCGTATGCGGACACTCTTTCCCTACACGACG
miaoBC0029,miao_I7_index_029,CATACGAGATAGAGTGCGGCGTGACTGGAGTTCAGACGTGTG,miao_I5_index_029,CATACGAGATTCCGACCTCGACACTCTTTCCCTACACGACG
miaoBC0030,miao_I7_index_030,CATACGAGATTGCCTGGTGGGTGACTGGAGTTCAGACGTGTG,miao_I5_index_030,CATACGAGATCTTATGGAATACACTCTTTCCCTACACGACG
miaoBC0031,miao_I7_index_031,CATACGAGATTGCGTGTCACGTGACTGGAGTTCAGACGTGTG,miao_I5_index_031,CATACGAGATGCTTACGGACACACTCTTTCCCTACACGACG
miaoBC0032,miao_I7_index_032,CATACGAGATCATACACTGTGTGACTGGAGTTCAGACGTGTG,miao_I5_index_032,CATACGAGATGAACATACGGACACTCTTTCCCTACACGACG
miaoBC0033,miao_I7_index_001,CATACGAGATCGCTCAGTTCGTGACTGGAGTTCAGACGTGTG,miao_I5_index_002,CATACGAGATCTACAAGATAACACTCTTTCCCTACACGACG
miaoBC0034,miao_I7_index_002,CATACGAGATTATCTGACCTGTGACTGGAGTTCAGACGTGTG,miao_I5_index_003,CATACGAGATTATAGTAGCTACACTCTTTCCCTACACGACG
miaoBC0035,miao_I7_index_003,CATACGAGATATATGAGACGGTGACTGGAGTTCAGACGTGTG,miao_I5_index_004,CATACGAGATTGCCTGGTGGACACTCTTTCCCTACACGACG
miaoBC0036,miao_I7_index_004,CATACGAGATCTTATGGAATGTGACTGGAGTTCAGACGTGTG,miao_I5_index_005,CATACGAGATACATTATCCTACACTCTTTCCCTACACGACG
miaoBC0037,miao_I7_index_005,CATACGAGATTAATCTCGTCGTGACTGGAGTTCAGACGTGTG,miao_I5_index_006,CATACGAGATGTCCACTTGTACACTCTTTCCCTACACGACG
miaoBC0038,miao_I7_index_006,CATACGAGATGCGCGATGTTGTGACTGGAGTTCAGACGTGTG,miao_I5_index_007,CATACGAGATTGGAACAGTAACACTCTTTCCCTACACGACG
miaoBC0039,miao_I7_index_007,CATACGAGATAGAGCACTAGGTGACTGGAGTTCAGACGTGTG,miao_I5_index_008,CATACGAGATCCTTGTTAATACACTCTTTCCCTACACGACG
miaoBC0040,miao_I7_index_008,CATACGAGATTGCCTTGATCGTGACTGGAGTTCAGACGTGTG,miao_I5_index_009,CATACGAGATGTTGATAGTGACACTCTTTCCCTACACGACG
miaoBC0041,miao_I7_index_009,CATACGAGATCTACTCAGTCGTGACTGGAGTTCAGACGTGTG,miao_I5_index_010,CATACGAGATACCAGCGACAACACTCTTTCCCTACACGACG
miaoBC0042,miao_I7_index_010,CATACGAGATTCGTCTGACTGTGACTGGAGTTCAGACGTGTG,miao_I5_index_011,CATACGAGATCATACACTGTACACTCTTTCCCTACACGACG
miaoBC0043,miao_I7_index_011,CATACGAGATGAACATACGGGTGACTGGAGTTCAGACGTGTG,miao_I5_index_012,CATACGAGATGTGTGGCGCTACACTCTTTCCCTACACGACG
miaoBC0044,miao_I7_index_012,CATACGAGATCCTATGACTCGTGACTGGAGTTCAGACGTGTG,miao_I5_index_013,CATACGAGATATCACGAAGGACACTCTTTCCCTACACGACG
miaoBC0045,miao_I7_index_013,CATACGAGATTAATGGCAAGGTGACTGGAGTTCAGACGTGTG,miao_I5_index_014,CATACGAGATCGGCTCTACTACACTCTTTCCCTACACGACG
miaoBC0046,miao_I7_index_014,CATACGAGATGTGCCGCTTCGTGACTGGAGTTCAGACGTGTG,miao_I5_index_015,CATACGAGATGAATGCACGAACACTCTTTCCCTACACGACG
miaoBC0047,miao_I7_index_015,CATACGAGATCGGCAATGGAGTGACTGGAGTTCAGACGTGTG,miao_I5_index_016,CATACGAGATAAGACTATAGACACTCTTTCCCTACACGACG
miaoBC0048,miao_I7_index_016,CATACGAGATGCCGTAACCGGTGACTGGAGTTCAGACGTGTG,miao_I5_index_017,CATACGAGATTCGGCAGCAAACACTCTTTCCCTACACGACG
miaoBC0049,miao_I7_index_017,CATACGAGATAACCATTCTCGTGACTGGAGTTCAGACGTGTG,miao_I5_index_018,CATACGAGATCTAATGATGGACACTCTTTCCCTACACGACG
miaoBC0050,miao_I7_index_018,CATACGAGATGGTTGCCTCTGTGACTGGAGTTCAGACGTGTG,miao_I5_index_019,CATACGAGATGGTTGCCTCTACACTCTTTCCCTACACGACG
miaoBC0051,miao_I7_index_019,CATACGAGATCTAATGATGGGTGACTGGAGTTCAGACGTGTG,miao_I5_index_020,CATACGAGATCGCACATGGCACACTCTTTCCCTACACGACG
miaoBC0052,miao_I7_index_020,CATACGAGATTCGGCCTATCGTGACTGGAGTTCAGACGTGTG,miao_I5_index_021,CATACGAGATGGCCTGTCCTACACTCTTTCCCTACACGACG
miaoBC0053,miao_I7_index_021,CATACGAGATAGTCAACCATGTGACTGGAGTTCAGACGTGTG,miao_I5_index_022,CATACGAGATCTGTGTTAGGACACTCTTTCCCTACACGACG
miaoBC0054,miao_I7_index_022,CATACGAGATGAGCGCAATAGTGACTGGAGTTCAGACGTGTG,miao_I5_index_023,CATACGAGATTAAGGAACGTACACTCTTTCCCTACACGACG
miaoBC0055,miao_I7_index_023,CATACGAGATAACAAGGCGTGTGACTGGAGTTCAGACGTGTG,miao_I5_index_024,CATACGAGATCTAACTGTAAACACTCTTTCCCTACACGACG
miaoBC0056,miao_I7_index_024,CATACGAGATGTATGTAGAAGTGACTGGAGTTCAGACGTGTG,miao_I5_index_025,CATACGAGATGGCGAGATGGACACTCTTTCCCTACACGACG
miaoBC0057,miao_I7_index_025,CATACGAGATTTCTATGGTTGTGACTGGAGTTCAGACGTGTG,miao_I5_index_026,CATACGAGATAATAGAGCAAACACTCTTTCCCTACACGACG
miaoBC0058,miao_I7_index_026,CATACGAGATCCTCGCAACCGTGACTGGAGTTCAGACGTGTG,miao_I5_index_027,CATACGAGATTCAATCCATTACACTCTTTCCCTACACGACG
miaoBC0059,miao_I7_index_027,CATACGAGATTGGATGCTTAGTGACTGGAGTTCAGACGTGTG,miao_I5_index_028,CATACGAGATTCGTATGCGGACACTCTTTCCCTACACGACG
miaoBC0060,miao_I7_index_028,CATACGAGATATGTCGTGGTGTGACTGGAGTTCAGACGTGTG,miao_I5_index_029,CATACGAGATTCCGACCTCGACACTCTTTCCCTACACGACG
miaoBC0061,miao_I7_index_029,CATACGAGATAGAGTGCGGCGTGACTGGAGTTCAGACGTGTG,miao_I5_index_030,CATACGAGATCTTATGGAATACACTCTTTCCCTACACGACG
miaoBC0062,miao_I7_index_030,CATACGAGATTGCCTGGTGGGTGACTGGAGTTCAGACGTGTG,miao_I5_index_031,CATACGAGATGCTTACGGACACACTCTTTCCCTACACGACG
miaoBC0063,miao_I7_index_031,CATACGAGATTGCGTGTCACGTGACTGGAGTTCAGACGTGTG,miao_I5_index_032,CATACGAGATGAACATACGGACACTCTTTCCCTACACGACG
miaoBC0064,miao_I7_index_032,CATACGAGATCATACACTGTGTGACTGGAGTTCAGACGTGTG,miao_I5_index_001,CATACGAGATTCGTGGAGCGACACTCTTTCCCTACACGACG
miaoBC0065,miao_I7_index_001,CATACGAGATCGCTCAGTTCGTGACTGGAGTTCAGACGTGTG,miao_I5_index_003,CATACGAGATTATAGTAGCTACACTCTTTCCCTACACGACG
miaoBC0066,miao_I7_index_002,CATACGAGATTATCTGACCTGTGACTGGAGTTCAGACGTGTG,miao_I5_index_004,CATACGAGATTGCCTGGTGGACACTCTTTCCCTACACGACG
miaoBC0067,miao_I7_index_003,CATACGAGATATATGAGACGGTGACTGGAGTTCAGACGTGTG,miao_I5_index_005,CATACGAGATACATTATCCTACACTCTTTCCCTACACGACG
miaoBC0068,miao_I7_index_004,CATACGAGATCTTATGGAATGTGACTGGAGTTCAGACGTGTG,miao_I5_index_006,CATACGAGATGTCCACTTGTACACTCTTTCCCTACACGACG
miaoBC0069,miao_I7_index_005,CATACGAGATTAATCTCGTCGTGACTGGAGTTCAGACGTGTG,miao_I5_index_007,CATACGAGATTGGAACAGTAACACTCTTTCCCTACACGACG
miaoBC0070,miao_I7_index_006,CATACGAGATGCGCGATGTTGTGACTGGAGTTCAGACGTGTG,miao_I5_index_008,CATACGAGATCCTTGTTAATACACTCTTTCCCTACACGACG
miaoBC0071,miao_I7_index_007,CATACGAGATAGAGCACTAGGTGACTGGAGTTCAGACGTGTG,miao_I5_index_009,CATACGAGATGTTGATAGTGACACTCTTTCCCTACACGACG
miaoBC0072,miao_I7_index_008,CATACGAGATTGCCTTGATCGTGACTGGAGTTCAGACGTGTG,miao_I5_index_010,CATACGAGATACCAGCGACAACACTCTTTCCCTACACGACG
miaoBC0073,miao_I7_index_009,CATACGAGATCTACTCAGTCGTGACTGGAGTTCAGACGTGTG,miao_I5_index_011,CATACGAGATCATACACTGTACACTCTTTCCCTACACGACG
miaoBC0074,miao_I7_index_010,CATACGAGATTCGTCTGACTGTGACTGGAGTTCAGACGTGTG,miao_I5_index_012,CATACGAGATGTGTGGCGCTACACTCTTTCCCTACACGACG
miaoBC0075,miao_I7_index_011,CATACGAGATGAACATACGGGTGACTGGAGTTCAGACGTGTG,miao_I5_index_013,CATACGAGATATCACGAAGGACACTCTTTCCCTACACGACG
miaoBC0076,miao_I7_index_012,CATACGAGATCCTATGACTCGTGACTGGAGTTCAGACGTGTG,miao_I5_index_014,CATACGAGATCGGCTCTACTACACTCTTTCCCTACACGACG
miaoBC0077,miao_I7_index_013,CATACGAGATTAATGGCAAGGTGACTGGAGTTCAGACGTGTG,miao_I5_index_015,CATACGAGATGAATGCACGAACACTCTTTCCCTACACGACG
miaoBC0078,miao_I7_index_014,CATACGAGATGTGCCGCTTCGTGACTGGAGTTCAGACGTGTG,miao_I5_index_016,CATACGAGATAAGACTATAGACACTCTTTCCCTACACGACG
miaoBC0079,miao_I7_index_015,CATACGAGATCGGCAATGGAGTGACTGGAGTTCAGACGTGTG,miao_I5_index_017,CATACGAGATTCGGCAGCAAACACTCTTTCCCTACACGACG
miaoBC0080,miao_I7_index_016,CATACGAGATGCCGTAACCGGTGACTGGAGTTCAGACGTGTG,miao_I5_index_018,CATACGAGATCTAATGATGGACACTCTTTCCCTACACGACG
miaoBC0081,miao_I7_index_017,CATACGAGATAACCATTCTCGTGACTGGAGTTCAGACGTGTG,miao_I5_index_019,CATACGAGATGGTTGCCTCTACACTCTTTCCCTACACGACG
miaoBC0082,miao_I7_index_018,CATACGAGATGGTTGCCTCTGTGACTGGAGTTCAGACGTGTG,miao_I5_index_020,CATACGAGATCGCACATGGCACACTCTTTCCCTACACGACG
miaoBC0083,miao_I7_index_019,CATACGAGATCTAATGATGGGTGACTGGAGTTCAGACGTGTG,miao_I5_index_021,CATACGAGATGGCCTGTCCTACACTCTTTCCCTACACGACG
miaoBC0084,miao_I7_index_020,CATACGAGATTCGGCCTATCGTGACTGGAGTTCAGACGTGTG,miao_I5_index_022,CATACGAGATCTGTGTTAGGACACTCTTTCCCTACACGACG
miaoBC0085,miao_I7_index_021,CATACGAGATAGTCAACCATGTGACTGGAGTTCAGACGTGTG,miao_I5_index_023,CATACGAGATTAAGGAACGTACACTCTTTCCCTACACGACG
miaoBC0086,miao_I7_index_022,CATACGAGATGAGCGCAATAGTGACTGGAGTTCAGACGTGTG,miao_I5_index_024,CATACGAGATCTAACTGTAAACACTCTTTCCCTACACGACG
miaoBC0087,miao_I7_index_023,CATACGAGATAACAAGGCGTGTGACTGGAGTTCAGACGTGTG,miao_I5_index_025,CATACGAGATGGCGAGATGGACACTCTTTCCCTACACGACG
miaoBC0088,miao_I7_index_024,CATACGAGATGTATGTAGAAGTGACTGGAGTTCAGACGTGTG,miao_I5_index_026,CATACGAGATAATAGAGCAAACACTCTTTCCCTACACGACG
miaoBC0089,miao_I7_index_025,CATACGAGATTTCTATGGTTGTGACTGGAGTTCAGACGTGTG,miao_I5_index_027,CATACGAGATTCAATCCATTACACTCTTTCCCTACACGACG
miaoBC0090,miao_I7_index_026,CATACGAGATCCTCGCAACCGTGACTGGAGTTCAGACGTGTG,miao_I5_index_028,CATACGAGATTCGTATGCGGACACTCTTTCCCTACACGACG
miaoBC0091,miao_I7_index_027,CATACGAGATTGGATGCTTAGTGACTGGAGTTCAGACGTGTG,miao_I5_index_029,CATACGAGATTCCGACCTCGACACTCTTTCCCTACACGACG
miaoBC0092,miao_I7_index_028,CATACGAGATATGTCGTGGTGTGACTGGAGTTCAGACGTGTG,miao_I5_index_030,CATACGAGATCTTATGGAATACACTCTTTCCCTACACGACG
miaoBC0093,miao_I7_index_029,CATACGAGATAGAGTGCGGCGTGACTGGAGTTCAGACGTGTG,miao_I5_index_031,CATACGAGATGCTTACGGACACACTCTTTCCCTACACGACG
miaoBC0094,miao_I7_index_030,CATACGAGATTGCCTGGTGGGTGACTGGAGTTCAGACGTGTG,miao_I5_index_032,CATACGAGATGAACATACGGACACTCTTTCCCTACACGACG
miaoBC0095,miao_I7_index_031,CATACGAGATTGCGTGTCACGTGACTGGAGTTCAGACGTGTG,miao_I5_index_001,CATACGAGATTCGTGGAGCGACACTCTTTCCCTACACGACG
miaoBC0096,miao_I7_index_032,CATACGAGATCATACACTGTGTGACTGGAGTTCAGACGTGTG,miao_I5_index_002,CATACGAGATCTACAAGATAACACTCTTTCCCTACACGACG
miaoBC0097,miao_I7_index_001,CATACGAGATCGCTCAGTTCGTGACTGGAGTTCAGACGTGTG,miao_I5_index_004,CATACGAGATTGCCTGGTGGACACTCTTTCCCTACACGACG
miaoBC0098,miao_I7_index_002,CATACGAGATTATCTGACCTGTGACTGGAGTTCAGACGTGTG,miao_I5_index_005,CATACGAGATACATTATCCTACACTCTTTCCCTACACGACG
miaoBC0099,miao_I7_index_003,CATACGAGATATATGAGACGGTGACTGGAGTTCAGACGTGTG,miao_I5_index_006,CATACGAGATGTCCACTTGTACACTCTTTCCCTACACGACG
miaoBC0100,miao_I7_index_004,CATACGAGATCTTATGGAATGTGACTGGAGTTCAGACGTGTG,miao_I5_index_007,CATACGAGATTGGAACAGTAACACTCTTTCCCTACACGACG
miaoBC0101,miao_I7_index_005,CATACGAGATTAATCTCGTCGTGACTGGAGTTCAGACGTGTG,miao_I5_index_008,CATACGAGATCCTTGTTAATACACTCTTTCCCTACACGACG
miaoBC0102,miao_I7_index_006,CATACGAGATGCGCGATGTTGTGACTGGAGTTCAGACGTGTG,miao_I5_index_009,CATACGAGATGTTGATAGTGACACTCTTTCCCTACACGACG
miaoBC0103,miao_I7_index_007,CATACGAGATAGAGCACTAGGTGACTGGAGTTCAGACGTGTG,miao_I5_index_010,CATACGAGATACCAGCGACAACACTCTTTCCCTACACGACG
miaoBC0104,miao_I7_index_008,CATACGAGATTGCCTTGATCGTGACTGGAGTTCAGACGTGTG,miao_I5_index_011,CATACGAGATCATACACTGTACACTCTTTCCCTACACGACG
miaoBC0105,miao_I7_index_009,CATACGAGATCTACTCAGTCGTGACTGGAGTTCAGACGTGTG,miao_I5_index_012,CATACGAGATGTGTGGCGCTACACTCTTTCCCTACACGACG
miaoBC0106,miao_I7_index_010,CATACGAGATTCGTCTGACTGTGACTGGAGTTCAGACGTGTG,miao_I5_index_013,CATACGAGATATCACGAAGGACACTCTTTCCCTACACGACG
miaoBC0107,miao_I7_index_011,CATACGAGATGAACATACGGGTGACTGGAGTTCAGACGTGTG,miao_I5_index_014,CATACGAGATCGGCTCTACTACACTCTTTCCCTACACGACG
miaoBC0108,miao_I7_index_012,CATACGAGATCCTATGACTCGTGACTGGAGTTCAGACGTGTG,miao_I5_index_015,CATACGAGATGAATGCACGAACACTCTTTCCCTACACGACG
miaoBC0109,miao_I7_index_013,CATACGAGATTAATGGCAAGGTGACTGGAGTTCAGACGTGTG,miao_I5_index_016,CATACGAGATAAGACTATAGACACTCTTTCCCTACACGACG
miaoBC0110,miao_I7_index_014,CATACGAGATGTGCCGCTTCGTGACTGGAGTTCAGACGTGTG,miao_I5_index_017,CATACGAGATTCGGCAGCAAACACTCTTTCCCTACACGACG
miaoBC0111,miao_I7_index_015,CATACGAGATCGGCAATGGAGTGACTGGAGTTCAGACGTGTG,miao_I5_index_018,CATACGAGATCTAATGATGGACACTCTTTCCCTACACGACG
miaoBC0112,miao_I7_index_016,CATACGAGATGCCGTAACCGGTGACTGGAGTTCAGACGTGTG,miao_I5_index_019,CATACGAGATGGTTGCCTCTACACTCTTTCCCTACACGACG
miaoBC0113,miao_I7_index_017,CATACGAGATAACCATTCTCGTGACTGGAGTTCAGACGTGTG,miao_I5_index_020,CATACGAGATCGCACATGGCACACTCTTTCCCTACACGACG
miaoBC0114,miao_I7_index_018,CATACGAGATGGTTGCCTCTGTGACTGGAGTTCAGACGTGTG,miao_I5_index_021,CATACGAGATGGCCTGTCCTACACTCTTTCCCTACACGACG
miaoBC0115,miao_I7_index_019,CATACGAGATCTAATGATGGGTGACTGGAGTTCAGACGTGTG,miao_I5_index_022,CATACGAGATCTGTGTTAGGACACTCTTTCCCTACACGACG
miaoBC0116,miao_I7_index_020,CATACGAGATTCGGCCTATCGTGACTGGAGTTCAGACGTGTG,miao_I5_index_023,CATACGAGATTAAGGAACGTACACTCTTTCCCTACACGACG
miaoBC0117,miao_I7_index_021,CATACGAGATAGTCAACCATGTGACTGGAGTTCAGACGTGTG,miao_I5_index_024,CATACGAGATCTAACTGTAAACACTCTTTCCCTACACGACG
miaoBC0118,miao_I7_index_022,CATACGAGATGAGCGCAATAGTGACTGGAGTTCAGACGTGTG,miao_I5_index_025,CATACGAGATGGCGAGATGGACACTCTTTCCCTACACGACG
miaoBC0119,miao_I7_index_023,CATACGAGATAACAAGGCGTGTGACTGGAGTTCAGACGTGTG,miao_I5_index_026,CATACGAGATAATAGAGCAAACACTCTTTCCCTACACGACG
miaoBC0120,miao_I7_index_024,CATACGAGATGTATGTAGAAGTGACTGGAGTTCAGACGTGTG,miao_I5_index_027,CATACGAGATTCAATCCATTACACTCTTTCCCTACACGACG
miaoBC0121,miao_I7_index_025,CATACGAGATTTCTATGGTTGTGACTGGAGTTCAGACGTGTG,miao_I5_index_028,CATACGAGATTCGTATGCGGACACTCTTTCCCTACACGACG
miaoBC0122,miao_I7_index_026,CATACGAGATCCTCGCAACCGTGACTGGAGTTCAGACGTGTG,miao_I5_index_029,CATACGAGATTCCGACCTCGACACTCTTTCCCTACACGACG
miaoBC0123,miao_I7_index_027,CATACGAGATTGGATGCTTAGTGACTGGAGTTCAGACGTGTG,miao_I5_index_030,CATACGAGATCTTATGGAATACACTCTTTCCCTACACGACG
miaoBC0124,miao_I7_index_028,CATACGAGATATGTCGTGGTGTGACTGGAGTTCAGACGTGTG,miao_I5_index_031,CATACGAGATGCTTACGGACACACTCTTTCCCTACACGACG
miaoBC0125,miao_I7_index_029,CATACGAGATAGAGTGCGGCGTGACTGGAGTTCAGACGTGTG,miao_I5_index_032,CATACGAGATGAACATACGGACACTCTTTCCCTACACGACG
miaoBC0126,miao_I7_index_030,CATACGAGATTGCCTGGTGGGTGACTGGAGTTCAGACGTGTG,miao_I5_index_001,CATACGAGATTCGTGGAGCGACACTCTTTCCCTACACGACG
miaoBC0127,miao_I7_index_031,CATACGAGATTGCGTGTCACGTGACTGGAGTTCAGACGTGTG,miao_I5_index_002,CATACGAGATCTACAAGATAACACTCTTTCCCTACACGACG
miaoBC0128,miao_I7_index_032,CATACGAGATCATACACTGTGTGACTGGAGTTCAGACGTGTG,miao_I5_index_003,CATACGAGATTATAGTAGCTACACTCTTTCCCTACACGACG
miaoBC0129,miao_I7_index_001,CATACGAGATCGCTCAGTTCGTGACTGGAGTTCAGACGTGTG,miao_I5_index_005,CATACGAGATACATTATCCTACACTCTTTCCCTACACGACG
miaoBC0130,miao_I7_index_002,CATACGAGATTATCTGACCTGTGACTGGAGTTCAGACGTGTG,miao_I5_index_006,CATACGAGATGTCCACTTGTACACTCTTTCCCTACACGACG
miaoBC0131,miao_I7_index_003,CATACGAGATATATGAGACGGTGACTGGAGTTCAGACGTGTG,miao_I5_index_007,CATACGAGATTGGAACAGTAACACTCTTTCCCTACACGACG
miaoBC0132,miao_I7_index_004,CATACGAGATCTTATGGAATGTGACTGGAGTTCAGACGTGTG,miao_I5_index_008,CATACGAGATCCTTGTTAATACACTCTTTCCCTACACGACG
miaoBC0133,miao_I7_index_005,CATACGAGATTAATCTCGTCGTGACTGGAGTTCAGACGTGTG,miao_I5_index_009,CATACGAGATGTTGATAGTGACACTCTTTCCCTACACGACG
miaoBC0134,miao_I7_index_006,CATACGAGATGCGCGATGTTGTGACTGGAGTTCAGACGTGTG,miao_I5_index_010,CATACGAGATACCAGCGACAACACTCTTTCCCTACACGACG
miaoBC0135,miao_I7_index_007,CATACGAGATAGAGCACTAGGTGACTGGAGTTCAGACGTGTG,miao_I5_index_011,CATACGAGATCATACACTGTACACTCTTTCCCTACACGACG
miaoBC0136,miao_I7_index_008,CATACGAGATTGCCTTGATCGTGACTGGAGTTCAGACGTGTG,miao_I5_index_012,CATACGAGATGTGTGGCGCTACACTCTTTCCCTACACGACG
miaoBC0137,miao_I7_index_009,CATACGAGATCTACTCAGTCGTGACTGGAGTTCAGACGTGTG,miao_I5_index_013,CATACGAGATATCACGAAGGACACTCTTTCCCTACACGACG
miaoBC0138,miao_I7_index_010,CATACGAGATTCGTCTGACTGTGACTGGAGTTCAGACGTGTG,miao_I5_index_014,CATACGAGATCGGCTCTACTACACTCTTTCCCTACACGACG
miaoBC0139,miao_I7_index_011,CATACGAGATGAACATACGGGTGACTGGAGTTCAGACGTGTG,miao_I5_index_015,CATACGAGATGAATGCACGAACACTCTTTCCCTACACGACG
miaoBC0140,miao_I7_index_012,CATACGAGATCCTATGACTCGTGACTGGAGTTCAGACGTGTG,miao_I5_index_016,CATACGAGATAAGACTATAGACACTCTTTCCCTACACGACG
miaoBC0141,miao_I7_index_013,CATACGAGATTAATGGCAAGGTGACTGGAGTTCAGACGTGTG,miao_I5_index_017,CATACGAGATTCGGCAGCAAACACTCTTTCCCTACACGACG
miaoBC0142,miao_I7_index_014,CATACGAGATGTGCCGCTTCGTGACTGGAGTTCAGACGTGTG,miao_I5_index_018,CATACGAGATCTAATGATGGACACTCTTTCCCTACACGACG
miaoBC0143,miao_I7_index_015,CATACGAGATCGGCAATGGAGTGACTGGAGTTCAGACGTGTG,miao_I5_index_019,CATACGAGATGGTTGCCTCTACACTCTTTCCCTACACGACG
miaoBC0144,miao_I7_index_016,CATACGAGATGCCGTAACCGGTGACTGGAGTTCAGACGTGTG,miao_I5_index_020,CATACGAGATCGCACATGGCACACTCTTTCCCTACACGACG
miaoBC0145,miao_I7_index_017,CATACGAGATAACCATTCTCGTGACTGGAGTTCAGACGTGTG,miao_I5_index_021,CATACGAGATGGCCTGTCCTACACTCTTTCCCTACACGACG
miaoBC0146,miao_I7_index_018,CATACGAGATGGTTGCCTCTGTGACTGGAGTTCAGACGTGTG,miao_I5_index_022,CATACGAGATCTGTGTTAGGACACTCTTTCCCTACACGACG
miaoBC0147,miao_I7_index_019,CATACGAGATCTAATGATGGGTGACTGGAGTTCAGACGTGTG,miao_I5_index_023,CATACGAGATTAAGGAACGTACACTCTTTCCCTACACGACG
miaoBC0148,miao_I7_index_020,CATACGAGATTCGGCCTATCGTGACTGGAGTTCAGACGTGTG,miao_I5_index_024,CATACGAGATCTAACTGTAAACACTCTTTCCCTACACGACG
miaoBC0149,miao_I7_index_021,CATACGAGATAGTCAACCATGTGACTGGAGTTCAGACGTGTG,miao_I5_index_025,CATACGAGATGGCGAGATGGACACTCTTTCCCTACACGACG
miaoBC0150,miao_I7_index_022,CATACGAGATGAGCGCAATAGTGACTGGAGTTCAGACGTGTG,miao_I5_index_026,CATACGAGATAATAGAGCAAACACTCTTTCCCTACACGACG
miaoBC0151,miao_I7_index_023,CATACGAGATAACAAGGCGTGTGACTGGAGTTCAGACGTGTG,miao_I5_index_027,CATACGAGATTCAATCCATTACACTCTTTCCCTACACGACG
miaoBC0152,miao_I7_index_024,CATACGAGATGTATGTAGAAGTGACTGGAGTTCAGACGTGTG,miao_I5_index_028,CATACGAGATTCGTATGCGGACACTCTTTCCCTACACGACG
miaoBC0153,miao_I7_index_025,CATACGAGATTTCTATGGTTGTGACTGGAGTTCAGACGTGTG,miao_I5_index_029,CATACGAGATTCCGACCTCGACACTCTTTCCCTACACGACG
miaoBC0154,miao_I7_index_026,CATACGAGATCCTCGCAACCGTGACTGGAGTTCAGACGTGTG,miao_I5_index_030,CATACGAGATCTTATGGAATACACTCTTTCCCTACACGACG
miaoBC0155,miao_I7_index_027,CATACGAGATTGGATGCTTAGTGACTGGAGTTCAGACGTGTG,miao_I5_index_031,CATACGAGATGCTTACGGACACACTCTTTCCCTACACGACG
miaoBC0156,miao_I7_index_028,CATACGAGATATGTCGTGGTGTGACTGGAGTTCAGACGTGTG,miao_I5_index_032,CATACGAGATGAACATACGGACACTCTTTCCCTACACGACG
miaoBC0157,miao_I7_index_029,CATACGAGATAGAGTGCGGCGTGACTGGAGTTCAGACGTGTG,miao_I5_index_001,CATACGAGATTCGTGGAGCGACACTCTTTCCCTACACGACG
miaoBC0158,miao_I7_index_030,CATACGAGATTGCCTGGTGGGTGACTGGAGTTCAGACGTGTG,miao_I5_index_002,CATACGAGATCTACAAGATAACACTCTTTCCCTACACGACG
miaoBC0159,miao_I7_index_031,CATACGAGATTGCGTGTCACGTGACTGGAGTTCAGACGTGTG,miao_I5_index_003,CATACGAGATTATAGTAGCTACACTCTTTCCCTACACGACG
miaoBC0160,miao_I7_index_032,CATACGAGATCATACACTGTGTGACTGGAGTTCAGACGTGTG,miao_I5_index_004,CATACGAGATTGCCTGGTGGACACTCTTTCCCTACACGACG
miaoBC0161,miao_I7_index_001,CATACGAGATCGCTCAGTTCGTGACTGGAGTTCAGACGTGTG,miao_I5_index_006,CATACGAGATGTCCACTTGTACACTCTTTCCCTACACGACG
miaoBC0162,miao_I7_index_002,CATACGAGATTATCTGACCTGTGACTGGAGTTCAGACGTGTG,miao_I5_index_007,CATACGAGATTGGAACAGTAACACTCTTTCCCTACACGACG
miaoBC0163,miao_I7_index_003,CATACGAGATATATGAGACGGTGACTGGAGTTCAGACGTGTG,miao_I5_index_008,CATACGAGATCCTTGTTAATACACTCTTTCCCTACACGACG
miaoBC0164,miao_I7_index_004,CATACGAGATCTTATGGAATGTGACTGGAGTTCAGACGTGTG,miao_I5_index_009,CATACGAGATGTTGATAGTGACACTCTTTCCCTACACGACG
miaoBC0165,miao_I7_index_005,CATACGAGATTAATCTCGTCGTGACTGGAGTTCAGACGTGTG,miao_I5_index_010,CATACGAGATACCAGCGACAACACTCTTTCCCTACACGACG
miaoBC0166,miao_I7_index_006,CATACGAGATGCGCGATGTTGTGACTGGAGTTCAGACGTGTG,miao_I5_index_011,CATACGAGATCATACACTGTACACTCTTTCCCTACACGACG
miaoBC0167,miao_I7_index_007,CATACGAGATAGAGCACTAGGTGACTGGAGTTCAGACGTGTG,miao_I5_index_012,CATACGAGATGTGTGGCGCTACACTCTTTCCCTACACGACG
miaoBC0168,miao_I7_index_008,CATACGAGATTGCCTTGATCGTGACTGGAGTTCAGACGTGTG,miao_I5_index_013,CATACGAGATATCACGAAGGACACTCTTTCCCTACACGACG
miaoBC0169,miao_I7_index_009,CATACGAGATCTACTCAGTCGTGACTGGAGTTCAGACGTGTG,miao_I5_index_014,CATACGAGATCGGCTCTACTACACTCTTTCCCTACACGACG
miaoBC0170,miao_I7_index_010,CATACGAGATTCGTCTGACTGTGACTGGAGTTCAGACGTGTG,miao_I5_index_015,CATACGAGATGAATGCACGAACACTCTTTCCCTACACGACG
miaoBC0171,miao_I7_index_011,CATACGAGATGAACATACGGGTGACTGGAGTTCAGACGTGTG,miao_I5_index_016,CATACGAGATAAGACTATAGACACTCTTTCCCTACACGACG
miaoBC0172,miao_I7_index_012,CATACGAGATCCTATGACTCGTGACTGGAGTTCAGACGTGTG,miao_I5_index_017,CATACGAGATTCGGCAGCAAACACTCTTTCCCTACACGACG
miaoBC0173,miao_I7_index_013,CATACGAGATTAATGGCAAGGTGACTGGAGTTCAGACGTGTG,miao_I5_index_018,CATACGAGATCTAATGATGGACACTCTTTCCCTACACGACG
miaoBC0174,miao_I7_index_014,CATACGAGATGTGCCGCTTCGTGACTGGAGTTCAGACGTGTG,miao_I5_index_019,CATACGAGATGGTTGCCTCTACACTCTTTCCCTACACGACG
miaoBC0175,miao_I7_index_015,CATACGAGATCGGCAATGGAGTGACTGGAGTTCAGACGTGTG,miao_I5_index_020,CATACGAGATCGCACATGGCACACTCTTTCCCTACACGACG
miaoBC0176,miao_I7_index_016,CATACGAGATGCCGTAACCGGTGACTGGAGTTCAGACGTGTG,miao_I5_index_021,CATACGAGATGGCCTGTCCTACACTCTTTCCCTACACGACG
miaoBC0177,miao_I7_index_017,CATACGAGATAACCATTCTCGTGACTGGAGTTCAGACGTGTG,miao_I5_index_022,CATACGAGATCTGTGTTAGGACACTCTTTCCCTACACGACG
miaoBC0178,miao_I7_index_018,CATACGAGATGGTTGCCTCTGTGACTGGAGTTCAGACGTGTG,miao_I5_index_023,CATACGAGATTAAGGAACGTACACTCTTTCCCTACACGACG
miaoBC0179,miao_I7_index_019,CATACGAGATCTAATGATGGGTGACTGGAGTTCAGACGTGTG,miao_I5_index_024,CATACGAGATCTAACTGTAAACACTCTTTCCCTACACGACG
miaoBC0180,miao_I7_index_020,CATACGAGATTCGGCCTATCGTGACTGGAGTTCAGACGTGTG,miao_I5_index_025,CATACGAGATGGCGAGATGGACACTCTTTCCCTACACGACG
miaoBC0181,miao_I7_index_021,CATACGAGATAGTCAACCATGTGACTGGAGTTCAGACGTGTG,miao_I5_index_026,CATACGAGATAATAGAGCAAACACTCTTTCCCTACACGACG
miaoBC0182,miao_I7_index_022,CATACGAGATGAGCGCAATAGTGACTGGAGTTCAGACGTGTG,miao_I5_index_027,CATACGAGATTCAATCCATTACACTCTTTCCCTACACGACG
miaoBC0183,miao_I7_index_023,CATACGAGATAACAAGGCGTGTGACTGGAGTTCAGACGTGTG,miao_I5_index_028,CATACGAGATTCGTATGCGGACACTCTTTCCCTACACGACG
miaoBC0184,miao_I7_index_024,CATACGAGATGTATGTAGAAGTGACTGGAGTTCAGACGTGTG,miao_I5_index_029,CATACGAGATTCCGACCTCGACACTCTTTCCCTACACGACG
miaoBC0185,miao_I7_index_025,CATACGAGATTTCTATGGTTGTGACTGGAGTTCAGACGTGTG,miao_I5_index_030,CATACGAGATCTTATGGAATACACTCTTTCCCTACACGACG
miaoBC0186,miao_I7_index_026,CATACGAGATCCTCGCAACCGTGACTGGAGTTCAGACGTGTG,miao_I5_index_031,CATACGAGATGCTTACGGACACACTCTTTCCCTACACGACG
miaoBC0187,miao_I7_index_027,CATACGAGATTGGATGCTTAGTGACTGGAGTTCAGACGTGTG,miao_I5_index_032,CATACGAGATGAACATACGGACACTCTTTCCCTACACGACG
miaoBC0188,miao_I7_index_028,CATACGAGATATGTCGTGGTGTGACTGGAGTTCAGACGTGTG,miao_I5_index_001,CATACGAGATTCGTGGAGCGACACTCTTTCCCTACACGACG
miaoBC0189,miao_I7_index_029,CATACGAGATAGAGTGCGGCGTGACTGGAGTTCAGACGTGTG,miao_I5_index_002,CATACGAGATCTACAAGATAACACTCTTTCCCTACACGACG
miaoBC0190,miao_I7_index_030,CATACGAGATTGCCTGGTGGGTGACTGGAGTTCAGACGTGTG,miao_I5_index_003,CATACGAGATTATAGTAGCTACACTCTTTCCCTACACGACG
miaoBC0191,miao_I7_index_031,CATACGAGATTGCGTGTCACGTGACTGGAGTTCAGACGTGTG,miao_I5_index_004,CATACGAGATTGCCTGGTGGACACTCTTTCCCTACACGACG
miaoBC0192,miao_I7_index_032,CATACGAGATCATACACTGTGTGACTGGAGTTCAGACGTGTG,miao_I5_index_005,CATACGAGATACATTATCCTACACTCTTTCCCTACACGACG
miaoBC0193,miao_I7_index_001,CATACGAGATCGCTCAGTTCGTGACTGGAGTTCAGACGTGTG,miao_I5_index_007,CATACGAGATTGGAACAGTAACACTCTTTCCCTACACGACG
miaoBC0194,miao_I7_index_002,CATACGAGATTATCTGACCTGTGACTGGAGTTCAGACGTGTG,miao_I5_index_008,CATACGAGATCCTTGTTAATACACTCTTTCCCTACACGACG
miaoBC0195,miao_I7_index_003,CATACGAGATATATGAGACGGTGACTGGAGTTCAGACGTGTG,miao_I5_index_009,CATACGAGATGTTGATAGTGACACTCTTTCCCTACACGACG
miaoBC0196,miao_I7_index_004,CATACGAGATCTTATGGAATGTGACTGGAGTTCAGACGTGTG,miao_I5_index_010,CATACGAGATACCAGCGACAACACTCTTTCCCTACACGACG
miaoBC0197,miao_I7_index_005,CATACGAGATTAATCTCGTCGTGACTGGAGTTCAGACGTGTG,miao_I5_index_011,CATACGAGATCATACACTGTACACTCTTTCCCTACACGACG
miaoBC0198,miao_I7_index_006,CATACGAGATGCGCGATGTTGTGACTGGAGTTCAGACGTGTG,miao_I5_index_012,CATACGAGATGTGTGGCGCTACACTCTTTCCCTACACGACG
miaoBC0199,miao_I7_index_007,CATACGAGATAGAGCACTAGGTGACTGGAGTTCAGACGTGTG,miao_I5_index_013,CATACGAGATATCACGAAGGACACTCTTTCCCTACACGACG
miaoBC0200,miao_I7_index_008,CATACGAGATTGCCTTGATCGTGACTGGAGTTCAGACGTGTG,miao_I5_index_014,CATACGAGATCGGCTCTACTACACTCTTTCCCTACACGACG
miaoBC0201,miao_I7_index_009,CATACGAGATCTACTCAGTCGTGACTGGAGTTCAGACGTGTG,miao_I5_index_015,CATACGAGATGAATGCACGAACACTCTTTCCCTACACGACG
miaoBC0202,miao_I7_index_010,CATACGAGATTCGTCTGACTGTGACTGGAGTTCAGACGTGTG,miao_I5_index_016,CATACGAGATAAGACTATAGACACTCTTTCCCTACACGACG
miaoBC0203,miao_I7_index_011,CATACGAGATGAACATACGGGTGACTGGAGTTCAGACGTGTG,miao_I5_index_017,CATACGAGATTCGGCAGCAAACACTCTTTCCCTACACGACG
miaoBC0204,miao_I7_index_012,CATACGAGATCCTATGACTCGTGACTGGAGTTCAGACGTGTG,miao_I5_index_018,CATACGAGATCTAATGATGGACACTCTTTCCCTACACGACG
miaoBC0205,miao_I7_index_013,CATACGAGATTAATGGCAAGGTGACTGGAGTTCAGACGTGTG,miao_I5_index_019,CATACGAGATGGTTGCCTCTACACTCTTTCCCTACACGACG
miaoBC0206,miao_I7_index_014,CATACGAGATGTGCCGCTTCGTGACTGGAGTTCAGACGTGTG,miao_I5_index_020,CATACGAGATCGCACATGGCACACTCTTTCCCTACACGACG
miaoBC0207,miao_I7_index_015,CATACGAGATCGGCAATGGAGTGACTGGAGTTCAGACGTGTG,miao_I5_index_021,CATACGAGATGGCCTGTCCTACACTCTTTCCCTACACGACG
miaoBC0208,miao_I7_index_016,CATACGAGATGCCGTAACCGGTGACTGGAGTTCAGACGTGTG,miao_I5_index_022,CATACGAGATCTGTGTTAGGACACTCTTTCCCTACACGACG
miaoBC0209,miao_I7_index_017,CATACGAGATAACCATTCTCGTGACTGGAGTTCAGACGTGTG,miao_I5_index_023,CATACGAGATTAAGGAACGTACACTCTTTCCCTACACGACG
miaoBC0210,miao_I7_index_018,CATACGAGATGGTTGCCTCTGTGACTGGAGTTCAGACGTGTG,miao_I5_index_024,CATACGAGATCTAACTGTAAACACTCTTTCCCTACACGACG
miaoBC0211,miao_I7_index_019,CATACGAGATCTAATGATGGGTGACTGGAGTTCAGACGTGTG,miao_I5_index_025,CATACGAGATGGCGAGATGGACACTCTTTCCCTACACGACG
miaoBC0212,miao_I7_index_020,CATACGAGATTCGGCCTATCGTGACTGGAGTTCAGACGTGTG,miao_I5_index_026,CATACGAGATAATAGAGCAAACACTCTTTCCCTACACGACG
miaoBC0213,miao_I7_index_021,CATACGAGATAGTCAACCATGTGACTGGAGTTCAGACGTGTG,miao_I5_index_027,CATACGAGATTCAATCCATTACACTCTTTCCCTACACGACG
miaoBC0214,miao_I7_index_022,CATACGAGATGAGCGCAATAGTGACTGGAGTTCAGACGTGTG,miao_I5_index_028,CATACGAGATTCGTATGCGGACACTCTTTCCCTACACGACG
miaoBC0215,miao_I7_index_023,CATACGAGATAACAAGGCGTGTGACTGGAGTTCAGACGTGTG,miao_I5_index_029,CATACGAGATTCCGACCTCGACACTCTTTCCCTACACGACG
miaoBC0216,miao_I7_index_024,CATACGAGATGTATGTAGAAGTGACTGGAGTTCAGACGTGTG,miao_I5_index_030,CATACGAGATCTTATGGAATACACTCTTTCCCTACACGACG
miaoBC0217,miao_I7_index_025,CATACGAGATTTCTATGGTTGTGACTGGAGTTCAGACGTGTG,miao_I5_index_031,CATACGAGATGCTTACGGACACACTCTTTCCCTACACGACG
miaoBC0218,miao_I7_index_026,CATACGAGATCCTCGCAACCGTGACTGGAGTTCAGACGTGTG,miao_I5_index_032,CATACGAGATGAACATACGGACACTCTTTCCCTACACGACG
miaoBC0219,miao_I7_index_027,CATACGAGATTGGATGCTTAGTGACTGGAGTTCAGACGTGTG,miao_I5_index_001,CATACGAGATTCGTGGAGCGACACTCTTTCCCTACACGACG
miaoBC0220,miao_I7_index_028,CATACGAGATATGTCGTGGTGTGACTGGAGTTCAGACGTGTG,miao_I5_index_002,CATACGAGATCTACAAGATAACACTCTTTCCCTACACGACG
miaoBC0221,miao_I7_index_029,CATACGAGATAGAGTGCGGCGTGACTGGAGTTCAGACGTGTG,miao_I5_index_003,CATACGAGATTATAGTAGCTACACTCTTTCCCTACACGACG
miaoBC0222,miao_I7_index_030,CATACGAGATTGCCTGGTGGGTGACTGGAGTTCAGACGTGTG,miao_I5_index_004,CATACGAGATTGCCTGGTGGACACTCTTTCCCTACACGACG
miaoBC0223,miao_I7_index_031,CATACGAGATTGCGTGTCACGTGACTGGAGTTCAGACGTGTG,miao_I5_index_005,CATACGAGATACATTATCCTACACTCTTTCCCTACACGACG
miaoBC0224,miao_I7_index_032,CATACGAGATCATACACTGTGTGACTGGAGTTCAGACGTGTG,miao_I5_index_006,CATACGAGATGTCCACTTGTACACTCTTTCCCTACACGACG
miaoBC0225,miao_I7_index_001,CATACGAGATCGCTCAGTTCGTGACTGGAGTTCAGACGTGTG,miao_I5_index_008,CATACGAGATCCTTGTTAATACACTCTTTCCCTACACGACG
miaoBC0226,miao_I7_index_002,CATACGAGATTATCTGACCTGTGACTGGAGTTCAGACGTGTG,miao_I5_index_009,CATACGAGATGTTGATAGTGACACTCTTTCCCTACACGACG
miaoBC0227,miao_I7_index_003,CATACGAGATATATGAGACGGTGACTGGAGTTCAGACGTGTG,miao_I5_index_010,CATACGAGATACCAGCGACAACACTCTTTCCCTACACGACG
miaoBC0228,miao_I7_index_004,CATACGAGATCTTATGGAATGTGACTGGAGTTCAGACGTGTG,miao_I5_index_011,CATACGAGATCATACACTGTACACTCTTTCCCTACACGACG
miaoBC0229,miao_I7_index_005,CATACGAGATTAATCTCGTCGTGACTGGAGTTCAGACGTGTG,miao_I5_index_012,CATACGAGATGTGTGGCGCTACACTCTTTCCCTACACGACG
miaoBC0230,miao_I7_index_006,CATACGAGATGCGCGATGTTGTGACTGGAGTTCAGACGTGTG,miao_I5_index_013,CATACGAGATATCACGAAGGACACTCTTTCCCTACACGACG
miaoBC0231,miao_I7_index_007,CATACGAGATAGAGCACTAGGTGACTGGAGTTCAGACGTGTG,miao_I5_index_014,CATACGAGATCGGCTCTACTACACTCTTTCCCTACACGACG
miaoBC0232,miao_I7_index_008,CATACGAGATTGCCTTGATCGTGACTGGAGTTCAGACGTGTG,miao_I5_index_015,CATACGAGATGAATGCACGAACACTCTTTCCCTACACGACG
miaoBC0233,miao_I7_index_009,CATACGAGATCTACTCAGTCGTGACTGGAGTTCAGACGTGTG,miao_I5_index_016,CATACGAGATAAGACTATAGACACTCTTTCCCTACACGACG
miaoBC0234,miao_I7_index_010,CATACGAGATTCGTCTGACTGTGACTGGAGTTCAGACGTGTG,miao_I5_index_017,CATACGAGATTCGGCAGCAAACACTCTTTCCCTACACGACG
miaoBC0235,miao_I7_index_011,CATACGAGATGAACATACGGGTGACTGGAGTTCAGACGTGTG,miao_I5_index_018,CATACGAGATCTAATGATGGACACTCTTTCCCTACACGACG
miaoBC0236,miao_I7_index_012,CATACGAGATCCTATGACTCGTGACTGGAGTTCAGACGTGTG,miao_I5_index_019,CATACGAGATGGTTGCCTCTACACTCTTTCCCTACACGACG
miaoBC0237,miao_I7_index_013,CATACGAGATTAATGGCAAGGTGACTGGAGTTCAGACGTGTG,miao_I5_index_020,CATACGAGATCGCACATGGCACACTCTTTCCCTACACGACG
miaoBC0238,miao_I7_index_014,CATACGAGATGTGCCGCTTCGTGACTGGAGTTCAGACGTGTG,miao_I5_index_021,CATACGAGATGGCCTGTCCTACACTCTTTCCCTACACGACG
miaoBC0239,miao_I7_index_015,CATACGAGATCGGCAATGGAGTGACTGGAGTTCAGACGTGTG,miao_I5_index_022,CATACGAGATCTGTGTTAGGACACTCTTTCCCTACACGACG
miaoBC0240,miao_I7_index_016,CATACGAGATGCCGTAACCGGTGACTGGAGTTCAGACGTGTG,miao_I5_index_023,CATACGAGATTAAGGAACGTACACTCTTTCCCTACACGACG
miaoBC0241,miao_I7_index_017,CATACGAGATAACCATTCTCGTGACTGGAGTTCAGACGTGTG,miao_I5_index_024,CATACGAGATCTAACTGTAAACACTCTTTCCCTACACGACG
miaoBC0242,miao_I7_index_018,CATACGAGATGGTTGCCTCTGTGACTGGAGTTCAGACGTGTG,miao_I5_index_025,CATACGAGATGGCGAGATGGACACTCTTTCCCTACACGACG
miaoBC0243,miao_I7_index_019,CATACGAGATCTAATGATGGGTGACTGGAGTTCAGACGTGTG,miao_I5_index_026,CATACGAGATAATAGAGCAAACACTCTTTCCCTACACGACG
miaoBC0244,miao_I7_index_020,CATACGAGATTCGGCCTATCGTGACTGGAGTTCAGACGTGTG,miao_I5_index_027,CATACGAGATTCAATCCATTACACTCTTTCCCTACACGACG
miaoBC0245,miao_I7_index_021,CATACGAGATAGTCAACCATGTGACTGGAGTTCAGACGTGTG,miao_I5_index_028,CATACGAGATTCGTATGCGGACACTCTTTCCCTACACGACG
miaoBC0246,miao_I7_index_022,CATACGAGATGAGCGCAATAGTGACTGGAGTTCAGACGTGTG,miao_I5_index_029,CATACGAGATTCCGACCTCGACACTCTTTCCCTACACGACG
miaoBC0247,miao_I7_index_023,CATACGAGATAACAAGGCGTGTGACTGGAGTTCAGACGTGTG,miao_I5_index_030,CATACGAGATCTTATGGAATACACTCTTTCCCTACACGACG
miaoBC0248,miao_I7_index_024,CATACGAGATGTATGTAGAAGTGACTGGAGTTCAGACGTGTG,miao_I5_index_031,CATACGAGATGCTTACGGACACACTCTTTCCCTACACGACG
miaoBC0249,miao_I7_index_025,CATACGAGATTTCTATGGTTGTGACTGGAGTTCAGACGTGTG,miao_I5_index_032,CATACGAGATGAACATACGGACACTCTTTCCCTACACGACG
miaoBC0250,miao_I7_index_026,CATACGAGATCCTCGCAACCGTGACTGGAGTTCAGACGTGTG,miao_I5_index_001,CATACGAGATTCGTGGAGCGACACTCTTTCCCTACACGACG
miaoBC0251,miao_I7_index_027,CATACGAGATTGGATGCTTAGTGACTGGAGTTCAGACGTGTG,miao_I5_index_002,CATACGAGATCTACAAGATAACACTCTTTCCCTACACGACG
miaoBC0252,miao_I7_index_028,CATACGAGATATGTCGTGGTGTGACTGGAGTTCAGACGTGTG,miao_I5_index_003,CATACGAGATTATAGTAGCTACACTCTTTCCCTACACGACG
miaoBC0253,miao_I7_index_029,CATACGAGATAGAGTGCGGCGTGACTGGAGTTCAGACGTGTG,miao_I5_index_004,CATACGAGATTGCCTGGTGGACACTCTTTCCCTACACGACG
miaoBC0254,miao_I7_index_030,CATACGAGATTGCCTGGTGGGTGACTGGAGTTCAGACGTGTG,miao_I5_index_005,CATACGAGATACATTATCCTACACTCTTTCCCTACACGACG
miaoBC0255,miao_I7_index_031,CATACGAGATTGCGTGTCACGTGACTGGAGTTCAGACGTGTG,miao_I5_index_006,CATACGAGATGTCCACTTGTACACTCTTTCCCTACACGACG
miaoBC0256,miao_I7_index_032,CATACGAGATCATACACTGTGTGACTGGAGTTCAGACGTGTG,miao_I5_index_007,CATACGAGATTGGAACAGTAACACTCTTTCCCTACACGACG
miaoBC0257,miao_I7_index_001,CATACGAGATCGCTCAGTTCGTGACTGGAGTTCAGACGTGTG,miao_I5_index_009,CATACGAGATGTTGATAGTGACACTCTTTCCCTACACGACG
miaoBC0258,miao_I7_index_002,CATACGAGATTATCTGACCTGTGACTGGAGTTCAGACGTGTG,miao_I5_index_010,CATACGAGATACCAGCGACAACACTCTTTCCCTACACGACG
miaoBC0259,miao_I7_index_003,CATACGAGATATATGAGACGGTGACTGGAGTTCAGACGTGTG,miao_I5_index_011,CATACGAGATCATACACTGTACACTCTTTCCCTACACGACG
miaoBC0260,miao_I7_index_004,CATACGAGATCTTATGGAATGTGACTGGAGTTCAGACGTGTG,miao_I5_index_012,CATACGAGATGTGTGGCGCTACACTCTTTCCCTACACGACG
miaoBC0261,miao_I7_index_005,CATACGAGATTAATCTCGTCGTGACTGGAGTTCAGACGTGTG,miao_I5_index_013,CATACGAGATATCACGAAGGACACTCTTTCCCTACACGACG
miaoBC0262,miao_I7_index_006,CATACGAGATGCGCGATGTTGTGACTGGAGTTCAGACGTGTG,miao_I5_index_014,CATACGAGATCGGCTCTACTACACTCTTTCCCTACACGACG
miaoBC0263,miao_I7_index_007,CATACGAGATAGAGCACTAGGTGACTGGAGTTCAGACGTGTG,miao_I5_index_015,CATACGAGATGAATGCACGAACACTCTTTCCCTACACGACG
miaoBC0264,miao_I7_index_008,CATACGAGATTGCCTTGATCGTGACTGGAGTTCAGACGTGTG,miao_I5_index_016,CATACGAGATAAGACTATAGACACTCTTTCCCTACACGACG
miaoBC0265,miao_I7_index_009,CATACGAGATCTACTCAGTCGTGACTGGAGTTCAGACGTGTG,miao_I5_index_017,CATACGAGATTCGGCAGCAAACACTCTTTCCCTACACGACG
miaoBC0266,miao_I7_index_010,CATACGAGATTCGTCTGACTGTGACTGGAGTTCAGACGTGTG,miao_I5_index_018,CATACGAGATCTAATGATGGACACTCTTTCCCTACACGACG
miaoBC0267,miao_I7_index_011,CATACGAGATGAACATACGGGTGACTGGAGTTCAGACGTGTG,miao_I5_index_019,CATACGAGATGGTTGCCTCTACACTCTTTCCCTACACGACG
miaoBC0268,miao_I7_index_012,CATACGAGATCCTATGACTCGTGACTGGAGTTCAGACGTGTG,miao_I5_index_020,CATACGAGATCGCACATGGCACACTCTTTCCCTACACGACG
miaoBC0269,miao_I7_index_013,CATACGAGATTAATGGCAAGGTGACTGGAGTTCAGACGTGTG,miao_I5_index_021,CATACGAGATGGCCTGTCCTACACTCTTTCCCTACACGACG
miaoBC0270,miao_I7_index_014,CATACGAGATGTGCCGCTTCGTGACTGGAGTTCAGACGTGTG,miao_I5_index_022,CATACGAGATCTGTGTTAGGACACTCTTTCCCTACACGACG
miaoBC0271,miao_I7_index_015,CATACGAGATCGGCAATGGAGTGACTGGAGTTCAGACGTGTG,miao_I5_index_023,CATACGAGATTAAGGAACGTACACTCTTTCCCTACACGACG
miaoBC0272,miao_I7_index_016,CATACGAGATGCCGTAACCGGTGACTGGAGTTCAGACGTGTG,miao_I5_index_024,CATACGAGATCTAACTGTAAACACTCTTTCCCTACACGACG
miaoBC0273,miao_I7_index_017,CATACGAGATAACCATTCTCGTGACTGGAGTTCAGACGTGTG,miao_I5_index_025,CATACGAGATGGCGAGATGGACACTCTTTCCCTACACGACG
miaoBC0274,miao_I7_index_018,CATACGAGATGGTTGCCTCTGTGACTGGAGTTCAGACGTGTG,miao_I5_index_026,CATACGAGATAATAGAGCAAACACTCTTTCCCTACACGACG
miaoBC0275,miao_I7_index_019,CATACGAGATCTAATGATGGGTGACTGGAGTTCAGACGTGTG,miao_I5_index_027,CATACGAGATTCAATCCATTACACTCTTTCCCTACACGACG
miaoBC0276,miao_I7_index_020,CATACGAGATTCGGCCTATCGTGACTGGAGTTCAGACGTGTG,miao_I5_index_028,CATACGAGATTCGTATGCGGACACTCTTTCCCTACACGACG
miaoBC0277,miao_I7_index_021,CATACGAGATAGTCAACCATGTGACTGGAGTTCAGACGTGTG,miao_I5_index_029,CATACGAGATTCCGACCTCGACACTCTTTCCCTACACGACG
miaoBC0278,miao_I7_index_022,CATACGAGATGAGCGCAATAGTGACTGGAGTTCAGACGTGTG,miao_I5_index_030,CATACGAGATCTTATGGAATACACTCTTTCCCTACACGACG
miaoBC0279,miao_I7_index_023,CATACGAGATAACAAGGCGTGTGACTGGAGTTCAGACGTGTG,miao_I5_index_031,CATACGAGATGCTTACGGACACACTCTTTCCCTACACGACG
miaoBC0280,miao_I7_index_024,CATACGAGATGTATGTAGAAGTGACTGGAGTTCAGACGTGTG,miao_I5_index_032,CATACGAGATGAACATACGGACACTCTTTCCCTACACGACG
miaoBC0281,miao_I7_index_025,CATACGAGATTTCTATGGTTGTGACTGGAGTTCAGACGTGTG,miao_I5_index_001,CATACGAGATTCGTGGAGCGACACTCTTTCCCTACACGACG
miaoBC0282,miao_I7_index_026,CATACGAGATCCTCGCAACCGTGACTGGAGTTCAGACGTGTG,miao_I5_index_002,CATACGAGATCTACAAGATAACACTCTTTCCCTACACGACG
miaoBC0283,miao_I7_index_027,CATACGAGATTGGATGCTTAGTGACTGGAGTTCAGACGTGTG,miao_I5_index_003,CATACGAGATTATAGTAGCTACACTCTTTCCCTACACGACG
miaoBC0284,miao_I7_index_028,CATACGAGATATGTCGTGGTGTGACTGGAGTTCAGACGTGTG,miao_I5_index_004,CATACGAGATTGCCTGGTGGACACTCTTTCCCTACACGACG
miaoBC0285,miao_I7_index_029,CATACGAGATAGAGTGCGGCGTGACTGGAGTTCAGACGTGTG,miao_I5_index_005,CATACGAGATACATTATCCTACACTCTTTCCCTACACGACG
miaoBC0286,miao_I7_index_030,CATACGAGATTGCCTGGTGGGTGACTGGAGTTCAGACGTGTG,miao_I5_index_006,CATACGAGATGTCCACTTGTACACTCTTTCCCTACACGACG
miaoBC0287,miao_I7_index_031,CATACGAGATTGCGTGTCACGTGACTGGAGTTCAGACGTGTG,miao_I5_index_007,CATACGAGATTGGAACAGTAACACTCTTTCCCTACACGACG
miaoBC0288,miao_I7_index_032,CATACGAGATCATACACTGTGTGACTGGAGTTCAGACGTGTG,miao_I5_index_008,CATACGAGATCCTTGTTAATACACTCTTTCCCTACACGACG
miaoBC0289,miao_I7_index_001,CATACGAGATCGCTCAGTTCGTGACTGGAGTTCAGACGTGTG,miao_I5_index_010,CATACGAGATACCAGCGACAACACTCTTTCCCTACACGACG
miaoBC0290,miao_I7_index_002,CATACGAGATTATCTGACCTGTGACTGGAGTTCAGACGTGTG,miao_I5_index_011,CATACGAGATCATACACTGTACACTCTTTCCCTACACGACG
miaoBC0291,miao_I7_index_003,CATACGAGATATATGAGACGGTGACTGGAGTTCAGACGTGTG,miao_I5_index_012,CATACGAGATGTGTGGCGCTACACTCTTTCCCTACACGACG
miaoBC0292,miao_I7_index_004,CATACGAGATCTTATGGAATGTGACTGGAGTTCAGACGTGTG,miao_I5_index_013,CATACGAGATATCACGAAGGACACTCTTTCCCTACACGACG
miaoBC0293,miao_I7_index_005,CATACGAGATTAATCTCGTCGTGACTGGAGTTCAGACGTGTG,miao_I5_index_014,CATACGAGATCGGCTCTACTACACTCTTTCCCTACACGACG
miaoBC0294,miao_I7_index_006,CATACGAGATGCGCGATGTTGTGACTGGAGTTCAGACGTGTG,miao_I5_index_015,CATACGAGATGAATGCACGAACACTCTTTCCCTACACGACG
miaoBC0295,miao_I7_index_007,CATACGAGATAGAGCACTAGGTGACTGGAGTTCAGACGTGTG,miao_I5_index_016,CATACGAGATAAGACTATAGACACTCTTTCCCTACACGACG
miaoBC0296,miao_I7_index_008,CATACGAGATTGCCTTGATCGTGACTGGAGTTCAGACGTGTG,miao_I5_index_017,CATACGAGATTCGGCAGCAAACACTCTTTCCCTACACGACG
miaoBC0297,miao_I7_index_009,CATACGAGATCTACTCAGTCGTGACTGGAGTTCAGACGTGTG,miao_I5_index_018,CATACGAGATCTAATGATGGACACTCTTTCCCTACACGACG
miaoBC0298,miao_I7_index_010,CATACGAGATTCGTCTGACTGTGACTGGAGTTCAGACGTGTG,miao_I5_index_019,CATACGAGATGGTTGCCTCTACACTCTTTCCCTACACGACG
miaoBC0299,miao_I7_index_011,CATACGAGATGAACATACGGGTGACTGGAGTTCAGACGTGTG,miao_I5_index_020,CATACGAGATCGCACATGGCACACTCTTTCCCTACACGACG
miaoBC0300,miao_I7_index_012,CATACGAGATCCTATGACTCGTGACTGGAGTTCAGACGTGTG,miao_I5_index_021,CATACGAGATGGCCTGTCCTACACTCTTTCCCTACACGACG
miaoBC0301,miao_I7_index_013,CATACGAGATTAATGGCAAGGTGACTGGAGTTCAGACGTGTG,miao_I5_index_022,CATACGAGATCTGTGTTAGGACACTCTTTCCCTACACGACG
miaoBC0302,miao_I7_index_014,CATACGAGATGTGCCGCTTCGTGACTGGAGTTCAGACGTGTG,miao_I5_index_023,CATACGAGATTAAGGAACGTACACTCTTTCCCTACACGACG
miaoBC0303,miao_I7_index_015,CATACGAGATCGGCAATGGAGTGACTGGAGTTCAGACGTGTG,miao_I5_index_024,CATACGAGATCTAACTGTAAACACTCTTTCCCTACACGACG
miaoBC0304,miao_I7_index_016,CATACGAGATGCCGTAACCGGTGACTGGAGTTCAGACGTGTG,miao_I5_index_025,CATACGAGATGGCGAGATGGACACTCTTTCCCTACACGACG
miaoBC0305,miao_I7_index_017,CATACGAGATAACCATTCTCGTGACTGGAGTTCAGACGTGTG,miao_I5_index_026,CATACGAGATAATAGAGCAAACACTCTTTCCCTACACGACG
miaoBC0306,miao_I7_index_018,CATACGAGATGGTTGCCTCTGTGACTGGAGTTCAGACGTGTG,miao_I5_index_027,CATACGAGATTCAATCCATTACACTCTTTCCCTACACGACG
miaoBC0307,miao_I7_index_019,CATACGAGATCTAATGATGGGTGACTGGAGTTCAGACGTGTG,miao_I5_index_028,CATACGAGATTCGTATGCGGACACTCTTTCCCTACACGACG
miaoBC0308,miao_I7_index_020,CATACGAGATTCGGCCTATCGTGACTGGAGTTCAGACGTGTG,miao_I5_index_029,CATACGAGATTCCGACCTCGACACTCTTTCCCTACACGACG
miaoBC0309,miao_I7_index_021,CATACGAGATAGTCAACCATGTGACTGGAGTTCAGACGTGTG,miao_I5_index_030,CATACGAGATCTTATGGAATACACTCTTTCCCTACACGACG
miaoBC0310,miao_I7_index_022,CATACGAGATGAGCGCAATAGTGACTGGAGTTCAGACGTGTG,miao_I5_index_031,CATACGAGATGCTTACGGACACACTCTTTCCCTACACGACG
miaoBC0311,miao_I7_index_023,CATACGAGATAACAAGGCGTGTGACTGGAGTTCAGACGTGTG,miao_I5_index_032,CATACGAGATGAACATACGGACACTCTTTCCCTACACGACG
miaoBC0312,miao_I7_index_024,CATACGAGATGTATGTAGAAGTGACTGGAGTTCAGACGTGTG,miao_I5_index_001,CATACGAGATTCGTGGAGCGACACTCTTTCCCTACACGACG
miaoBC0313,miao_I7_index_025,CATACGAGATTTCTATGGTTGTGACTGGAGTTCAGACGTGTG,miao_I5_index_002,CATACGAGATCTACAAGATAACACTCTTTCCCTACACGACG
miaoBC0314,miao_I7_index_026,CATACGAGATCCTCGCAACCGTGACTGGAGTTCAGACGTGTG,miao_I5_index_003,CATACGAGATTATAGTAGCTACACTCTTTCCCTACACGACG
miaoBC0315,miao_I7_index_027,CATACGAGATTGGATGCTTAGTGACTGGAGTTCAGACGTGTG,miao_I5_index_004,CATACGAGATTGCCTGGTGGACACTCTTTCCCTACACGACG
miaoBC0316,miao_I7_index_028,CATACGAGATATGTCGTGGTGTGACTGGAGTTCAGACGTGTG,miao_I5_index_005,CATACGAGATACATTATCCTACACTCTTTCCCTACACGACG
miaoBC0317,miao_I7_index_029,CATACGAGATAGAGTGCGGCGTGACTGGAGTTCAGACGTGTG,miao_I5_index_006,CATACGAGATGTCCACTTGTACACTCTTTCCCTACACGACG
miaoBC0318,miao_I7_index_030,CATACGAGATTGCCTGGTGGGTGACTGGAGTTCAGACGTGTG,miao_I5_index_007,CATACGAGATTGGAACAGTAACACTCTTTCCCTACACGACG
miaoBC0319,miao_I7_index_031,CATACGAGATTGCGTGTCACGTGACTGGAGTTCAGACGTGTG,miao_I5_index_008,CATACGAGATCCTTGTTAATACACTCTTTCCCTACACGACG
miaoBC0320,miao_I7_index_032,CATACGAGATCATACACTGTGTGACTGGAGTTCAGACGTGTG,miao_I5_index_009,CATACGAGATGTTGATAGTGACACTCTTTCCCTACACGACG
miaoBC0321,miao_I7_index_001,CATACGAGATCGCTCAGTTCGTGACTGGAGTTCAGACGTGTG,miao_I5_index_011,CATACGAGATCATACACTGTACACTCTTTCCCTACACGACG
miaoBC0322,miao_I7_index_002,CATACGAGATTATCTGACCTGTGACTGGAGTTCAGACGTGTG,miao_I5_index_012,CATACGAGATGTGTGGCGCTACACTCTTTCCCTACACGACG
miaoBC0323,miao_I7_index_003,CATACGAGATATATGAGACGGTGACTGGAGTTCAGACGTGTG,miao_I5_index_013,CATACGAGATATCACGAAGGACACTCTTTCCCTACACGACG
miaoBC0324,miao_I7_index_004,CATACGAGATCTTATGGAATGTGACTGGAGTTCAGACGTGTG,miao_I5_index_014,CATACGAGATCGGCTCTACTACACTCTTTCCCTACACGACG
miaoBC0325,miao_I7_index_005,CATACGAGATTAATCTCGTCGTGACTGGAGTTCAGACGTGTG,miao_I5_index_015,CATACGAGATGAATGCACGAACACTCTTTCCCTACACGACG
miaoBC0326,miao_I7_index_006,CATACGAGATGCGCGATGTTGTGACTGGAGTTCAGACGTGTG,miao_I5_index_016,CATACGAGATAAGACTATAGACACTCTTTCCCTACACGACG
miaoBC0327,miao_I7_index_007,CATACGAGATAGAGCACTAGGTGACTGGAGTTCAGACGTGTG,miao_I5_index_017,CATACGAGATTCGGCAGCAAACACTCTTTCCCTACACGACG
miaoBC0328,miao_I7_index_008,CATACGAGATTGCCTTGATCGTGACTGGAGTTCAGACGTGTG,miao_I5_index_018,CATACGAGATCTAATGATGGACACTCTTTCCCTACACGACG
miaoBC0329,miao_I7_index_009,CATACGAGATCTACTCAGTCGTGACTGGAGTTCAGACGTGTG,miao_I5_index_019,CATACGAGATGGTTGCCTCTACACTCTTTCCCTACACGACG
miaoBC0330,miao_I7_index_010,CATACGAGATTCGTCTGACTGTGACTGGAGTTCAGACGTGTG,miao_I5_index_020,CATACGAGATCGCACATGGCACACTCTTTCCCTACACGACG
miaoBC0331,miao_I7_index_011,CATACGAGATGAACATACGGGTGACTGGAGTTCAGACGTGTG,miao_I5_index_021,CATACGAGATGGCCTGTCCTACACTCTTTCCCTACACGACG
miaoBC0332,miao_I7_index_012,CATACGAGATCCTATGACTCGTGACTGGAGTTCAGACGTGTG,miao_I5_index_022,CATACGAGATCTGTGTTAGGACACTCTTTCCCTACACGACG
miaoBC0333,miao_I7_index_013,CATACGAGATTAATGGCAAGGTGACTGGAGTTCAGACGTGTG,miao_I5_index_023,CATACGAGATTAAGGAACGTACACTCTTTCCCTACACGACG
miaoBC0334,miao_I7_index_014,CATACGAGATGTGCCGCTTCGTGACTGGAGTTCAGACGTGTG,miao_I5_index_024,CATACGAGATCTAACTGTAAACACTCTTTCCCTACACGACG
miaoBC0335,miao_I7_index_015,CATACGAGATCGGCAATGGAGTGACTGGAGTTCAGACGTGTG,miao_I5_index_025,CATACGAGATGGCGAGATGGACACTCTTTCCCTACACGACG
miaoBC0336,miao_I7_index_016,CATACGAGATGCCGTAACCGGTGACTGGAGTTCAGACGTGTG,miao_I5_index_026,CATACGAGATAATAGAGCAAACACTCTTTCCCTACACGACG
miaoBC0337,miao_I7_index_017,CATACGAGATAACCATTCTCGTGACTGGAGTTCAGACGTGTG,miao_I5_index_027,CATACGAGATTCAATCCATTACACTCTTTCCCTACACGACG
miaoBC0338,miao_I7_index_018,CATACGAGATGGTTGCCTCTGTGACTGGAGTTCAGACGTGTG,miao_I5_index_028,CATACGAGATTCGTATGCGGACACTCTTTCCCTACACGACG
miaoBC0339,miao_I7_index_019,CATACGAGATCTAATGATGGGTGACTGGAGTTCAGACGTGTG,miao_I5_index_029,CATACGAGATTCCGACCTCGACACTCTTTCCCTACACGACG
miaoBC0340,miao_I7_index_020,CATACGAGATTCGGCCTATCGTGACTGGAGTTCAGACGTGTG,miao_I5_index_030,CATACGAGATCTTATGGAATACACTCTTTCCCTACACGACG
miaoBC0341,miao_I7_index_021,CATACGAGATAGTCAACCATGTGACTGGAGTTCAGACGTGTG,miao_I5_index_031,CATACGAGATGCTTACGGACACACTCTTTCCCTACACGACG
miaoBC0342,miao_I7_index_022,CATACGAGATGAGCGCAATAGTGACTGGAGTTCAGACGTGTG,miao_I5_index_032,CATACGAGATGAACATACGGACACTCTTTCCCTACACGACG
miaoBC0343,miao_I7_index_023,CATACGAGATAACAAGGCGTGTGACTGGAGTTCAGACGTGTG,miao_I5_index_001,CATACGAGATTCGTGGAGCGACACTCTTTCCCTACACGACG
miaoBC0344,miao_I7_index_024,CATACGAGATGTATGTAGAAGTGACTGGAGTTCAGACGTGTG,miao_I5_index_002,CATACGAGATCTACAAGATAACACTCTTTCCCTACACGACG
miaoBC0345,miao_I7_index_025,CATACGAGATTTCTATGGTTGTGACTGGAGTTCAGACGTGTG,miao_I5_index_003,CATACGAGATTATAGTAGCTACACTCTTTCCCTACACGACG
miaoBC0346,miao_I7_index_026,CATACGAGATCCTCGCAACCGTGACTGGAGTTCAGACGTGTG,miao_I5_index_004,CATACGAGATTGCCTGGTGGACACTCTTTCCCTACACGACG
miaoBC0347,miao_I7_index_027,CATACGAGATTGGATGCTTAGTGACTGGAGTTCAGACGTGTG,miao_I5_index_005,CATACGAGATACATTATCCTACACTCTTTCCCTACACGACG
miaoBC0348,miao_I7_index_028,CATACGAGATATGTCGTGGTGTGACTGGAGTTCAGACGTGTG,miao_I5_index_006,CATACGAGATGTCCACTTGTACACTCTTTCCCTACACGACG
miaoBC0349,miao_I7_index_029,CATACGAGATAGAGTGCGGCGTGACTGGAGTTCAGACGTGTG,miao_I5_index_007,CATACGAGATTGGAACAGTAACACTCTTTCCCTACACGACG
miaoBC0350,miao_I7_index_030,CATACGAGATTGCCTGGTGGGTGACTGGAGTTCAGACGTGTG,miao_I5_index_008,CATACGAGATCCTTGTTAATACACTCTTTCCCTACACGACG
miaoBC0351,miao_I7_index_031,CATACGAGATTGCGTGTCACGTGACTGGAGTTCAGACGTGTG,miao_I5_index_009,CATACGAGATGTTGATAGTGACACTCTTTCCCTACACGACG
miaoBC0352,miao_I7_index_032,CATACGAGATCATACACTGTGTGACTGGAGTTCAGACGTGTG,miao_I5_index_010,CATACGAGATACCAGCGACAACACTCTTTCCCTACACGACG
miaoBC0353,miao_I7_index_001,CATACGAGATCGCTCAGTTCGTGACTGGAGTTCAGACGTGTG,miao_I5_index_012,CATACGAGATGTGTGGCGCTACACTCTTTCCCTACACGACG
miaoBC0354,miao_I7_index_002,CATACGAGATTATCTGACCTGTGACTGGAGTTCAGACGTGTG,miao_I5_index_013,CATACGAGATATCACGAAGGACACTCTTTCCCTACACGACG
miaoBC0355,miao_I7_index_003,CATACGAGATATATGAGACGGTGACTGGAGTTCAGACGTGTG,miao_I5_index_014,CATACGAGATCGGCTCTACTACACTCTTTCCCTACACGACG
miaoBC0356,miao_I7_index_004,CATACGAGATCTTATGGAATGTGACTGGAGTTCAGACGTGTG,miao_I5_index_015,CATACGAGATGAATGCACGAACACTCTTTCCCTACACGACG
miaoBC0357,miao_I7_index_005,CATACGAGATTAATCTCGTCGTGACTGGAGTTCAGACGTGTG,miao_I5_index_016,CATACGAGATAAGACTATAGACACTCTTTCCCTACACGACG
miaoBC0358,miao_I7_index_006,CATACGAGATGCGCGATGTTGTGACTGGAGTTCAGACGTGTG,miao_I5_index_017,CATACGAGATTCGGCAGCAAACACTCTTTCCCTACACGACG
miaoBC0359,miao_I7_index_007,CATACGAGATAGAGCACTAGGTGACTGGAGTTCAGACGTGTG,miao_I5_index_018,CATACGAGATCTAATGATGGACACTCTTTCCCTACACGACG
miaoBC0360,miao_I7_index_008,CATACGAGATTGCCTTGATCGTGACTGGAGTTCAGACGTGTG,miao_I5_index_019,CATACGAGATGGTTGCCTCTACACTCTTTCCCTACACGACG
miaoBC0361,miao_I7_index_009,CATACGAGATCTACTCAGTCGTGACTGGAGTTCAGACGTGTG,miao_I5_index_020,CATACGAGATCGCACATGGCACACTCTTTCCCTACACGACG
miaoBC0362,miao_I7_index_010,CATACGAGATTCGTCTGACTGTGACTGGAGTTCAGACGTGTG,miao_I5_index_021,CATACGAGATGGCCTGTCCTACACTCTTTCCCTACACGACG
miaoBC0363,miao_I7_index_011,CATACGAGATGAACATACGGGTGACTGGAGTTCAGACGTGTG,miao_I5_index_022,CATACGAGATCTGTGTTAGGACACTCTTTCCCTACACGACG
miaoBC0364,miao_I7_index_012,CATACGAGATCCTATGACTCGTGACTGGAGTTCAGACGTGTG,miao_I5_index_023,CATACGAGATTAAGGAACGTACACTCTTTCCCTACACGACG
miaoBC0365,miao_I7_index_013,CATACGAGATTAATGGCAAGGTGACTGGAGTTCAGACGTGTG,miao_I5_index_024,CATACGAGATCTAACTGTAAACACTCTTTCCCTACACGACG
miaoBC0366,miao_I7_index_014,CATACGAGATGTGCCGCTTCGTGACTGGAGTTCAGACGTGTG,miao_I5_index_025,CATACGAGATGGCGAGATGGACACTCTTTCCCTACACGACG
miaoBC0367,miao_I7_index_015,CATACGAGATCGGCAATGGAGTGACTGGAGTTCAGACGTGTG,miao_I5_index_026,CATACGAGATAATAGAGCAAACACTCTTTCCCTACACGACG
miaoBC0368,miao_I7_index_016,CATACGAGATGCCGTAACCGGTGACTGGAGTTCAGACGTGTG,miao_I5_index_027,CATACGAGATTCAATCCATTACACTCTTTCCCTACACGACG
miaoBC0369,miao_I7_index_017,CATACGAGATAACCATTCTCGTGACTGGAGTTCAGACGTGTG,miao_I5_index_028,CATACGAGATTCGTATGCGGACACTCTTTCCCTACACGACG
miaoBC0370,miao_I7_index_018,CATACGAGATGGTTGCCTCTGTGACTGGAGTTCAGACGTGTG,miao_I5_index_029,CATACGAGATTCCGACCTCGACACTCTTTCCCTACACGACG
miaoBC0371,miao_I7_index_019,CATACGAGATCTAATGATGGGTGACTGGAGTTCAGACGTGTG,miao_I5_index_030,CATACGAGATCTTATGGAATACACTCTTTCCCTACACGACG
miaoBC0372,miao_I7_index_020,CATACGAGATTCGGCCTATCGTGACTGGAGTTCAGACGTGTG,miao_I5_index_031,CATACGAGATGCTTACGGACACACTCTTTCCCTACACGACG
miaoBC0373,miao_I7_index_021,CATACGAGATAGTCAACCATGTGACTGGAGTTCAGACGTGTG,miao_I5_index_032,CATACGAGATGAACATACGGACACTCTTTCCCTACACGACG
miaoBC0374,miao_I7_index_022,CATACGAGATGAGCGCAATAGTGACTGGAGTTCAGACGTGTG,miao_I5_index_001,CATACGAGATTCGTGGAGCGACACTCTTTCCCTACACGACG
miaoBC0375,miao_I7_index_023,CATACGAGATAACAAGGCGTGTGACTGGAGTTCAGACGTGTG,miao_I5_index_002,CATACGAGATCTACAAGATAACACTCTTTCCCTACACGACG
miaoBC0376,miao_I7_index_024,CATACGAGATGTATGTAGAAGTGACTGGAGTTCAGACGTGTG,miao_I5_index_003,CATACGAGATTATAGTAGCTACACTCTTTCCCTACACGACG
miaoBC0377,miao_I7_index_025,CATACGAGATTTCTATGGTTGTGACTGGAGTTCAGACGTGTG,miao_I5_index_004,CATACGAGATTGCCTGGTGGACACTCTTTCCCTACACGACG
miaoBC0378,miao_I7_index_026,CATACGAGATCCTCGCAACCGTGACTGGAGTTCAGACGTGTG,miao_I5_index_005,CATACGAGATACATTATCCTACACTCTTTCCCTACACGACG
miaoBC0379,miao_I7_index_027,CATACGAGATTGGATGCTTAGTGACTGGAGTTCAGACGTGTG,miao_I5_index_006,CATACGAGATGTCCACTTGTACACTCTTTCCCTACACGACG
miaoBC0380,miao_I7_index_028,CATACGAGATATGTCGTGGTGTGACTGGAGTTCAGACGTGTG,miao_I5_index_007,CATACGAGATTGGAACAGTAACACTCTTTCCCTACACGACG
miaoBC0381,miao_I7_index_029,CATACGAGATAGAGTGCGGCGTGACTGGAGTTCAGACGTGTG,miao_I5_index_008,CATACGAGATCCTTGTTAATACACTCTTTCCCTACACGACG
miaoBC0382,miao_I7_index_030,CATACGAGATTGCCTGGTGGGTGACTGGAGTTCAGACGTGTG,miao_I5_index_009,CATACGAGATGTTGATAGTGACACTCTTTCCCTACACGACG
miaoBC0383,miao_I7_index_031,CATACGAGATTGCGTGTCACGTGACTGGAGTTCAGACGTGTG,miao_I5_index_010,CATACGAGATACCAGCGACAACACTCTTTCCCTACACGACG
miaoBC0384,miao_I7_index_032,CATACGAGATCATACACTGTGTGACTGGAGTTCAGACGTGTG,miao_I5_index_011,CATACGAGATCATACACTGTACACTCTTTCCCTACACGACG
